{
  "dataset_size": 230,
  "train_size": 182,
  "test_size": 48,
  "label_distribution": {
    "SQL": 120,
    "GRAPH": 110
  },
  "cv_folds": 5,
  "labeled_data_path": "training_data/fixed_train_base_strict.csv",
  "class_weight": "balanced",
  "use_scale_pos_weight": true,
  "min_graph_rows": 100,
  "allow_degenerate": false,
  "group_col": "query_id",
  "grouped_eval_used": true,
  "group_stats": {
    "train_groups": 90,
    "test_groups": 23,
    "overlap_groups": 0
  },
  "decision_tree": {
    "model": "DecisionTree",
    "cv_f1_mean": 0.9837593984962407,
    "cv_f1_std": 0.021296121464181045,
    "cv_accuracy_mean": 0.9844444444444445,
    "cv_accuracy_std": 0.020306296536107868,
    "accuracy": 0.9583333333333334,
    "f1": 0.9565217391304348,
    "precision": 0.9166666666666666,
    "recall": 1.0,
    "confusion_matrix": [
      [
        24,
        2
      ],
      [
        0,
        22
      ]
    ],
    "classification_report": {
      "SQL": {
        "precision": 1.0,
        "recall": 0.9230769230769231,
        "f1-score": 0.96,
        "support": 26.0
      },
      "GRAPH": {
        "precision": 0.9166666666666666,
        "recall": 1.0,
        "f1-score": 0.9565217391304348,
        "support": 22.0
      },
      "accuracy": 0.9583333333333334,
      "macro avg": {
        "precision": 0.9583333333333333,
        "recall": 0.9615384615384616,
        "f1-score": 0.9582608695652174,
        "support": 48.0
      },
      "weighted avg": {
        "precision": 0.9618055555555555,
        "recall": 0.9583333333333334,
        "f1-score": 0.9584057971014494,
        "support": 48.0
      }
    }
  },
  "xgboost": {
    "model": "XGBoost",
    "cv_f1_mean": 0.9837593984962407,
    "cv_f1_std": 0.021296121464181045,
    "cv_accuracy_mean": 0.9844444444444445,
    "cv_accuracy_std": 0.020306296536107868,
    "scale_pos_weight": 1.0681818181818181,
    "accuracy": 0.9583333333333334,
    "f1": 0.9565217391304348,
    "precision": 0.9166666666666666,
    "recall": 1.0,
    "confusion_matrix": [
      [
        24,
        2
      ],
      [
        0,
        22
      ]
    ],
    "classification_report": {
      "SQL": {
        "precision": 1.0,
        "recall": 0.9230769230769231,
        "f1-score": 0.96,
        "support": 26.0
      },
      "GRAPH": {
        "precision": 0.9166666666666666,
        "recall": 1.0,
        "f1-score": 0.9565217391304348,
        "support": 22.0
      },
      "accuracy": 0.9583333333333334,
      "macro avg": {
        "precision": 0.9583333333333333,
        "recall": 0.9615384615384616,
        "f1-score": 0.9582608695652174,
        "support": 48.0
      },
      "weighted avg": {
        "precision": 0.9618055555555555,
        "recall": 0.9583333333333334,
        "f1-score": 0.9584057971014494,
        "support": 48.0
      }
    }
  },
  "best_model": "XGBoost",
  "model_path": "/home/mitta/HIFUN-Router-clone/model/artifacts/classifier_v1.pkl"
}