{
  "avg_degree": 7.677550805448214,
  "max_degree": 436.0,
  "stddev_degree": 9.045765238911429,
  "vertex_count": 151903,
  "edge_count": 1166243
}