{
  "avg_degree": 23.58257477243173,
  "max_degree": 391.0,
  "stddev_degree": 32.00902618515585,
  "vertex_count": 1538,
  "edge_count": 36270
}