{
  "avg_degree": 5.019489652401044,
  "max_degree": 15.0,
  "stddev_degree": 2.180975432959171,
  "vertex_count": 4977,
  "edge_count": 24982
}