{
  "avg_degree": 6.970986190542614,
  "max_degree": 465.0,
  "stddev_degree": 16.012515879081906,
  "vertex_count": 7169,
  "edge_count": 49975
}