{
  "train_path": "training_data/fixed_train_base_strict.csv",
  "eval_path": "training_data/fixed_eval_set_strict.csv",
  "transfer_source": "training_data/real_labeled_runs_strict_curated.csv",
  "train_rows": 231,
  "eval_rows": 57,
  "xgb_eval_f1": 0.9818181818181818,
  "logreg_eval_f1": 0.9818181818181818,
  "bootstrap_ci": {
    "n_bootstrap": 1000,
    "f1": {
      "p2_5": 0.9387755102040817,
      "p50": 0.9830508474576272,
      "p97_5": 1.0
    },
    "precision": {
      "p2_5": 0.8846153846153846,
      "p50": 0.9666666666666667,
      "p97_5": 1.0
    },
    "recall": {
      "p2_5": 1.0,
      "p50": 1.0,
      "p97_5": 1.0
    }
  },
  "label_permutation_sanity": {
    "n_permutations": 100,
    "f1_mean": 0.5332895983779774,
    "f1_std": 0.30220563499135905,
    "f1_min": 0.0,
    "f1_max": 0.9818181818181818,
    "scores": [
      0.4594594594594595,
      0.5405405405405406,
      0.25806451612903225,
      0.7555555555555555,
      0.3125,
      0.30303030303030304,
      0.7555555555555555,
      0.9629629629629629,
      0.4594594594594595,
      0.6666666666666666,
      0.4594594594594595,
      0.25806451612903225,
      0.37681159420289856,
      0.9629629629629629,
      0.9019607843137255,
      0.13333333333333333,
      0.4594594594594595,
      0.2,
      0.575,
      0.6829268292682927,
      0.9019607843137255,
      0.6829268292682927,
      0.6666666666666666,
      0.65,
      0.9433962264150944,
      0.0,
      0.16393442622950818,
      0.03508771929824561,
      0.39436619718309857,
      0.65,
      0.37142857142857144,
      0.25806451612903225,
      0.65,
      0.30303030303030304,
      0.7555555555555555,
      0.782608695652174,
      0.7555555555555555,
      0.1016949152542373,
      0.06896551724137931,
      0.9818181818181818,
      0.6666666666666666,
      0.782608695652174,
      0.13333333333333333,
      0.03508771929824561,
      0.6829268292682927,
      0.6153846153846154,
      0.39436619718309857,
      0.4594594594594595,
      0.4383561643835616,
      0.3125,
      0.9230769230769231,
      0.48,
      0.6829268292682927,
      0.6829268292682927,
      0.88,
      0.5569620253164557,
      0.06896551724137931,
      0.6976744186046512,
      0.9629629629629629,
      0.39436619718309857,
      0.65,
      0.5569620253164557,
      0.7555555555555555,
      0.27692307692307694,
      0.9019607843137255,
      0.9019607843137255,
      0.13333333333333333,
      0.2,
      0.9433962264150944,
      0.6976744186046512,
      0.16393442622950818,
      0.9818181818181818,
      0.88,
      0.16393442622950818,
      0.6666666666666666,
      0.9019607843137255,
      0.9629629629629629,
      0.7555555555555555,
      0.3125,
      0.30303030303030304,
      0.25806451612903225,
      0.13333333333333333,
      0.13333333333333333,
      0.7272727272727273,
      0.03508771929824561,
      0.9629629629629629,
      0.06896551724137931,
      0.9019607843137255,
      0.37681159420289856,
      0.65,
      0.13333333333333333,
      0.88,
      0.30303030303030304,
      0.9629629629629629,
      0.4594594594594595,
      0.0,
      0.782608695652174,
      0.9019607843137255,
      0.9629629629629629,
      0.13333333333333333
    ]
  },
  "permutation_importance": [
    {
      "feature": "op_count_traversal",
      "mean_f1_drop": 0.48848484848484847,
      "std_f1_drop": 0.0772436071095991,
      "max_f1_drop": 0.6545454545454545
    },
    {
      "feature": "op_count_filter",
      "mean_f1_drop": 0.0,
      "std_f1_drop": 0.0,
      "max_f1_drop": 0.0
    },
    {
      "feature": "op_count_join",
      "mean_f1_drop": 0.0,
      "std_f1_drop": 0.0,
      "max_f1_drop": 0.0
    },
    {
      "feature": "op_count_aggregate",
      "mean_f1_drop": 0.0,
      "std_f1_drop": 0.0,
      "max_f1_drop": 0.0
    },
    {
      "feature": "op_count_map",
      "mean_f1_drop": 0.0,
      "std_f1_drop": 0.0,
      "max_f1_drop": 0.0
    },
    {
      "feature": "ast_depth",
      "mean_f1_drop": 0.0,
      "std_f1_drop": 0.0,
      "max_f1_drop": 0.0
    },
    {
      "feature": "has_traversal",
      "mean_f1_drop": 0.0,
      "std_f1_drop": 0.0,
      "max_f1_drop": 0.0
    },
    {
      "feature": "max_hops",
      "mean_f1_drop": 0.0,
      "std_f1_drop": 0.0,
      "max_f1_drop": 0.0
    },
    {
      "feature": "input_cardinality_log",
      "mean_f1_drop": 0.0,
      "std_f1_drop": 0.0,
      "max_f1_drop": 0.0
    },
    {
      "feature": "output_cardinality_log",
      "mean_f1_drop": 0.0,
      "std_f1_drop": 0.0,
      "max_f1_drop": 0.0
    },
    {
      "feature": "selectivity",
      "mean_f1_drop": 0.0,
      "std_f1_drop": 0.0,
      "max_f1_drop": 0.0
    },
    {
      "feature": "avg_degree",
      "mean_f1_drop": 0.0,
      "std_f1_drop": 0.0,
      "max_f1_drop": 0.0
    },
    {
      "feature": "max_degree",
      "mean_f1_drop": 0.0,
      "std_f1_drop": 0.0,
      "max_f1_drop": 0.0
    },
    {
      "feature": "degree_skew",
      "mean_f1_drop": 0.0,
      "std_f1_drop": 0.0,
      "max_f1_drop": 0.0
    },
    {
      "feature": "num_projected_columns",
      "mean_f1_drop": 0.0,
      "std_f1_drop": 0.0,
      "max_f1_drop": 0.0
    },
    {
      "feature": "has_index",
      "mean_f1_drop": 0.0,
      "std_f1_drop": 0.0,
      "max_f1_drop": 0.0
    },
    {
      "feature": "join_fanout",
      "mean_f1_drop": 0.0,
      "std_f1_drop": 0.0,
      "max_f1_drop": 0.0
    },
    {
      "feature": "estimated_shuffle_bytes_log",
      "mean_f1_drop": 0.0,
      "std_f1_drop": 0.0,
      "max_f1_drop": 0.0
    },
    {
      "feature": "estimated_traversal_ops",
      "mean_f1_drop": 0.0,
      "std_f1_drop": 0.0,
      "max_f1_drop": 0.0
    },
    {
      "feature": "hist_avg_runtime_ms",
      "mean_f1_drop": 0.0,
      "std_f1_drop": 0.0,
      "max_f1_drop": 0.0
    },
    {
      "feature": "hist_runtime_variance",
      "mean_f1_drop": 0.0,
      "std_f1_drop": 0.0,
      "max_f1_drop": 0.0
    },
    {
      "feature": "num_tables_joined",
      "mean_f1_drop": 0.0,
      "std_f1_drop": 0.0,
      "max_f1_drop": 0.0
    }
  ],
  "cross_dataset_transfer": [
    {
      "train_dataset": "ogb_real_queries",
      "eval_dataset": "snb_real_queries",
      "rows": 238,
      "f1": 0.9741379310344828,
      "precision": 0.9495798319327731,
      "recall": 1.0
    },
    {
      "train_dataset": "snb_real_queries",
      "eval_dataset": "ogb_real_queries",
      "rows": 50,
      "f1": 0.9795918367346939,
      "precision": 0.96,
      "recall": 1.0
    }
  ]
}